品牌，型号，价格 (元),主要用途，使用者类型，建议保额 (元),三者险建议限额 (万),机损基准费率 (%),三者险基准费率 (%),品牌风险系数，用途风险系数，用户类型系数，机损免赔额 (元),三者险免赔额 (元),最终费率 (%),年保费参考 (元),预期赔付率 (%),2021 年销量，2022 年销量，2023 年销量，2024 年销量，2021 年事故数，2022 年事故数，2023 年事故数，2024 年事故数，事故总数 (2021 起),人员伤亡数，机损金额 (元),物损金额 (元),条款版本
大疆 DJI,Mini 4 Pro,7499，航拍，个人用户，8000,50,1.8,0.6,0.95,1.0,1.0,300,500,1.37,299,58,3000000,3500000,4000000,4500000,280,310,350,310,1250,15,6800000,2500000，申能财险无人机机身一切险及责任险 (2024 版)
大疆 DJI,Air 3,12499，航拍，个人用户，15000,100,1.8,0.6,0.95,1.0,1.0,500,500,1.46,599,62,2000000,2500000,2800000,3000000,220,260,280,220,980,12,7500000,3200000，申能财险无人机机身一切险及责任险 (2024 版)
大疆 DJI,Mavic 3 Pro,14499，专业航拍，专业飞手，20000,150,2.0,0.8,0.95,1.2,0.9,1000,1000,1.39,899,59,1500000,1800000,2000000,2200000,150,180,190,130,650,8,7200000,3800000，申能财险无人机机身一切险及责任险 (2024 版)
大疆 DJI,Matrice 350 RTK,35999，电力巡检，企业用户，50000,300,2.8,1.2,0.85,1.3,0.8,5000,5000,2.38,3500,52,500000,600000,700000,800000,25,32,35,28,120,3,6500000,2800000，申能财险无人机机身一切险及责任险 (2024 版)
Autel 道通，EVO Nano+,8999，航拍，个人用户，10000,50,1.8,0.6,1.05,1.0,1.0,500,500,1.42,349,57,300000,380000,450000,520000,65,75,80,60,280,4,1800000,720000，申能财险无人机机身一切险及责任险 (2024 版)
Autel 道通，EVO Lite+,13999，航拍，个人用户，16000,100,1.8,0.8,1.05,1.0,1.0,500,500,1.55,549,60,200000,250000,300000,350000,45,52,55,38,190,3,1900000,850000，申能财险无人机机身一切险及责任险 (2024 版)
Parrot 派诺特，ANAFI USA,11999，电力巡检，企业用户，15000,150,2.5,1.0,1.02,1.3,0.9,2000,2000,2.75,699,54,150000,180000,200000,220000,20,24,25,16,85,2,1500000,650000，申能财险无人机机身一切险及责任险 (2024 版)
Skydio,Skydio 2+,9999，航拍，个人用户，12000,100,2.0,0.7,0.98,1.0,1.0,500,500,1.72,429,52,100000,120000,140000,160000,10,13,14,8,45,1,520000,180000，申能财险无人机机身一切险及责任险 (2024 版)
大疆 DJI,Mavic 3 Enterprise,29999，电力巡检，企业用户，40000,200,2.8,1.0,0.85,1.3,0.8,5000,5000,2.52,2500,54,400000,500000,600000,700000,40,48,52,40,180,2,4200000,1800000，申能财险无人机机身一切险及责任险 (2024 版)
大疆 DJI,Mini 3,4999，娱乐飞行，个人用户，6000,50,2.2,0.6,0.95,1.0,1.0,300,500,1.54,269,55,250000,300000,350000,400000,200,240,260,190,890,10,3800000,1500000，申能财险无人机机身一切险及责任险 (2024 版)
大疆 DJI,Inspire 3,79999，影视专业，企业用户，100000,500,2.2,1.4,0.9,1.2,0.8,10000,10000,2.7,8000,48,80000,100000,120000,140000,8,10,11,6,35,1,2800000,1200000，申能财险无人机机身一切险及责任险 (2024 版)
Autel 道通，EVO II Pro V3,16999，航拍，专业飞手，18000,150,2.0,0.8,1.05,1.0,0.9,500,500,1.68,599,60,180000,220000,260000,300000,35,42,45,28,150,2,1700000,700000，申能财险无人机机身一切险及责任险 (2024 版)
XAG 极飞，P150 2025 款，89999，农业植保，企业用户，120000,500,3.5,1.5,1.1,1.5,0.85,3000,5000,5.53,8500,58,120000,150000,180000,210000,22,26,28,19,95,2,2800000,1200000，申能财险无人机机身一切险及责任险 (2024 版)
XAG 极飞，V50 2025 款，69999，农业植保，企业用户，90000,500,3.5,1.5,1.1,1.5,0.85,3000,5000,5.78,6500,60,80000,100000,120000,140000,18,22,24,14,78,1,2100000,950000，申能财险无人机机身一切险及责任险 (2024 版)
JOUAV 纵横，CW-15,129999，测绘勘察，企业用户，180000,500,3.0,1.8,1.0,1.4,0.8,10000,10000,3.96,12000,50,50000,65000,80000,95000,10,12,13,7,42,1,1800000,750000，申能财险无人机机身一切险及责任险 (2024 版)
JOUAV 纵横，CW-30E,199999，测绘勘察，政府机构，250000,1000,3.5,2.0,1.0,1.5,0.75,20000,20000,5.46,18000,52,35000,45000,55000,65000,6,8,9,5,28,1,1700000,680000，申能财险无人机机身一切险及责任险 (2024 版)
Yuneec 昊翔，H520E,19999，电力巡检，企业用户，25000,150,2.8,1.0,1.08,1.3,0.85,3000,3000,3.02,2800,55,60000,75000,90000,105000,16,19,20,13,68,2,1100000,420000，申能财险无人机机身一切险及责任险 (2024 版)
Yuneec 昊翔，Mantis Q,12999，娱乐飞行，个人用户，14000,100,2.0,0.7,1.08,1.0,1.0,500,500,1.68,449,55,45000,55000,65000,75000,22,26,28,16,92,3,750000,280000，申能财险无人机机身一切险及责任险 (2024 版)
大疆 DJI,Mini 2 SE,6499，娱乐飞行，个人用户，8000,50,2.2,0.6,0.95,1.0,1.0,300,500,1.54,299,58,1800000,2200000,2600000,2900000,180,220,250,200,850,10,3400000,1350000，申能财险无人机机身一切险及责任险 (2024 版)
大疆 DJI,Air 2S,15999，航拍，个人用户，18000,100,2.0,0.7,0.95,1.0,1.0,500,500,1.52,599,62,800000,1000000,1200000,1400000,120,150,170,140,580,6,4640000,2320000，申能财险无人机机身一切险及责任险 (2024 版)
Autel 道通，EVO II Dual 640T,10999，电力巡检，企业用户，15000,150,2.2,0.8,1.05,1.3,0.85,1000,2000,2.6,899,60,220000,270000,320000,370000,65,78,85,72,300,5,2400000,900000，申能财险无人机机身一切险及责任险 (2024 版)
JOUAV 纵横，CW-20,359999，测绘勘察，企业用户，250000,1000,3.5,2.0,1.0,1.5,0.8,20000,20000,5.46,18000,52,90000,110000,130000,150000,45,55,62,53,215,4,6450000,2580000，申能财险无人机机身一切险及责任险 (2024 版)
大疆 DJI,Mini 3 Pro,7999，航拍，个人用户，10000,80,1.8,0.7,0.95,1.0,1.0,500,500,1.64,399,61,350000,420000,500000,580000,95,115,130,110,450,10,2700000,1350000，申能财险无人机机身一切险及责任险 (2024 版)
大疆 DJI,Mini SE,5999，娱乐飞行，个人用户，7000,50,2.2,0.6,0.95,1.0,1.0,300,500,1.54,249,56,2200000,2600000,2900000,3100000,150,180,200,170,700,8,4200000,1680000，申能财险无人机机身一切险及责任险 (2024 版)
大疆 DJI,Air 2,11999，航拍，个人用户，14000,100,2.0,0.7,0.95,1.0,1.0,500,500,1.52,499,59,650000,750000,850000,900000,85,100,115,100,400,4,4000000,1600000，申能财险无人机机身一切险及责任险 (2024 版)
大疆 DJI,Inspire 2,32999，影视专业，企业用户，80000,200,2.5,0.9,0.9,1.2,0.85,5000,5000,2.7,6500,54,280000,340000,390000,420000,45,55,62,58,220,4,6600000,2640000，申能财险无人机机身一切险及责任险 (2024 版)
大疆 DJI,Mavic 3M,38999，农业多光谱，企业用户，45000,200,2.8,1.0,0.85,1.3,0.85,5000,5000,3.08,4200,53,180000,210000,240000,260000,38,45,52,48,183,4,5490000,2196000，申能财险无人机机身一切险及责任险 (2024 版)
Autel 道通，EVO Nano,9999，航拍，个人用户，11000,100,2.0,0.8,1.05,1.0,1.0,500,500,1.68,329,58,150000,175000,195000,210000,55,65,72,68,260,5,2340000,936000，申能财险无人机机身一切险及责任险 (2024 版)
Autel 道通，EVO Lite,14999，航拍，个人用户，17000,100,2.0,0.8,1.05,1.0,1.0,500,500,1.68,479,59,120000,140000,160000,175000,42,50,58,52,202,4,2828000,1131200，申能财险无人机机身一切险及责任险 (2024 版)
XAG 极飞，P40 2024 款，79999，农业植保，企业用户，95000,500,3.5,1.5,1.1,1.5,0.85,3000,5000,5.25,7200,57,85000,100000,115000,125000,28,35,40,38,141,4,5640000,2256000，申能财险无人机机身一切险及责任险 (2024 版)
JOUAV 纵横，CW-15E,159999，测绘勘察，企业用户，200000,500,3.0,1.8,1.0,1.4,0.8,10000,10000,4.2,14500,51,28000,35000,40000,45000,8,10,12,11,41,2,2460000,984000，申能财险无人机机身一切险及责任险 (2024 版)
Yuneec 昊翔，H520,24999，电力巡检，企业用户，30000,200,2.8,1.0,1.08,1.3,0.85,3000,3000,3.02,2800,55,55000,65000,72000,78000,18,22,25,23,88,4,1760000,704000，申能财险无人机机身一切险及责任险 (2024 版)
Skydio,Skydio X10,16999，电力巡检，企业用户，20000,200,2.2,1.0,0.98,1.2,0.9,1000,1000,2.35,799,52,42000,50000,58000,62000,12,15,18,16,61,2,915000,366000，申能财险无人机机身一切险及责任险 (2024 版)
Parrot 派诺特，ANAFI Ai,27999，电力巡检，企业用户，35000,200,2.5,1.0,1.02,1.3,0.9,2000,2000,2.75,1500,54,65000,75000,82000,88000,15,18,20,19,72,4,1440000,576000，申能财险无人机机身一切险及责任险 (2024 版)
