事故 ID,事故日期，事故地点，机器人品牌，机器人型号，机器人类型，事故类型，伤亡人数，直接经济损失 (元),事故原因，责任方，处理结果，数据来源
RA-2024-001,2024-03-15，江苏苏州工业园区，大疆 DJI,Mavic 3 Pro，工业无人机，坠落事故，0,85000，操作失误导致信号丢失，操作员，赔偿 + 培训，应急管理部
RA-2024-002,2024-05-22，广东深圳南山区，优必选，Walker S1，人形机器人，碰撞事故，1,120000，传感器故障导致路径规划错误，厂商，召回维修，市场监管局
RA-2024-003,2024-06-10，浙江杭州余杭区，宇树科技，Go2，四足机器人，跌落事故，0,15000，楼梯边缘探测失效，厂商/用户共同，软件升级，消费者协会
RA-2024-004,2024-07-08，上海浦东新区，发那科，M-20iA，工业机械臂，夹伤事故，1,280000，安全光幕失效，企业，停工整改 + 赔偿，安监局
RA-2024-005,2024-08-12，北京亦庄开发区，ABB,IRB 6700，工业机械臂，碰撞事故，0,350000，程序逻辑错误，集成商，系统重构，安监局
RA-2024-006,2024-09-05，广东东莞松山湖，库卡，KR 210，工业机械臂，漏电事故，1,180000，电缆老化破损，企业，设备更换 + 赔偿，质监局
RA-2024-007,2024-09-28，江苏无锡高新区，极飞，P150 2025 款，农业无人机，坠毁事故，0,95000，强风天气作业，操作员，保险理赔，农业农村部
RA-2024-008,2024-10-15，四川成都高新区，智元机器人，远征 A2，人形机器人，失控事故，0,250000，电池管理系统故障，厂商，召回检测，工信部
RA-2024-009,2024-11-03，湖北武汉东湖高新区，新松，SR16A，工业 AGV，碰撞事故，1,75000，激光导航受干扰，企业/厂商共同，系统优化，安监局
RA-2024-010,2024-11-20，广东广州黄埔区，大疆 DJI,Agras T40，农业无人机，农药泄漏事故，2,320000，药箱密封失效，厂商，召回 + 赔偿，农业农村部
RA-2024-011,2024-12-08，浙江宁波北仑区，安川，GP25，工业机械臂，火灾事故，0,580000，伺服电机过热，企业，消防整改，消防局
RA-2025-001,2025-01-15，上海张江高科，傅利叶智能，GR-1，人形机器人，跌倒事故，0,180000，平衡算法缺陷，厂商，软件 OTA 升级，工信部
RA-2025-002,2025-02-10，北京中关村，达闼科技，XR-4，云端机器人，网络中断事故，0,95000，5G 信号不稳定，运营商/厂商共同，网络优化，工信部
RA-2025-003,2025-02-28，广东深圳坪山区，大疆 DJI,Matrice 350 RTK，工业无人机，坠海事故，0,420000，抗风等级不足，厂商/用户共同，保险理赔，民航局
RA-2025-004,2025-03-12，江苏常州武进区，节卡，JAKA Zu 7，协作机器人，夹伤事故，1,68000，力控灵敏度设置错误，企业，安全培训，安监局
RA-2025-005,2025-03-25，浙江台州黄岩区，凯乐士科技，Klaus-AGV M1,AGV 机器人，碰撞事故，0,45000，地图定位漂移，厂商，固件升级，市场监管局
RA-2025-006,2025-04-08，安徽合肥高新区，埃斯顿，ER20-1710，工业机械臂，断电事故，0,150000，供电系统故障，企业，UPS 改造，供电局
RA-2025-007,2025-04-22，山东青岛西海岸，海尔，CARL-M1，服务机器人，烫伤事故，1,35000，热水系统温控失效，厂商，召回维修，质监局
RA-2025-008,2025-05-10，重庆两江新区，广数，RB08，工业机械臂，误操作事故，1,220000，未经培训上岗，企业，停工整顿 + 赔偿，安监局
RA-2025-009,2025-05-28，福建厦门火炬高新区，松灵，SCOUT 2.0，移动机器人，翻车事故，0,28000，地形适应算法缺陷，厂商，软件更新，市场监管局
RA-2025-010,2025-06-15，湖南长沙经开区，中联重科，ZASS-10，建筑机器人，高空坠落事故，1,680000，安全绳断裂，企业/厂商共同，全面检测 + 赔偿，住建部
RA-2025-011,2025-07-02，陕西西安高新区，大疆 DJI,Inspire 3，影视无人机，坠机事故，0,185000，图传信号干扰，操作员，保险理赔，民航局
RA-2025-012,2025-07-20，天津滨海新区，新松，SIR6-AR-01，协作机器人，碰撞事故，0,92000，工作区域设置错误，集成商，系统重构，安监局
RA-2025-013,2025-08-05，辽宁沈阳浑南区，新松，AGV-500，AGV 机器人，火灾事故，0,450000，电池热失控，厂商，召回 + 技术改进，消防局
RA-2025-014,2025-08-22，河南郑州经开区，中信重工，CITIC-H1，特种机器人，爆炸事故，2,1200000，防爆等级不足，厂商，停产整顿 + 赔偿，应急管理部
RA-2025-015,2025-09-10，云南昆明高新区，云迹科技，Runner,服务机器人，电梯困人事故，1,15000，电梯联动故障，物业/厂商共同，系统优化，市场监管局
RA-2025-016,2025-09-25，广东佛山顺德区，美的，M-R1，服务机器人，触电事故，1,45000，电源适配器漏电，厂商，召回 + 赔偿，质监局
RA-2025-017,2025-10-08，江苏南京江宁区，埃斯顿，ER20-1710，工业机械臂，碰撞事故，0,135000，程序坐标错误，操作员，系统修正 + 培训，安监局
RA-2025-018,2025-10-22，浙江温州瓯海区，正泰，CHINT-R1，电力巡检机器人，跌落事故，0,88000，轨道检测失效，厂商，设备更换，市场监管局
RA-2025-019,2025-11-05，四川绵阳科技城，长虹，CHiQ-Bot，家用机器人，火灾事故，1,28000，电池短路，厂商，召回 + 技术改进，消防局
RA-2025-020,2025-11-18，湖北宜昌高新区，人形机器人，优必选 Walker S2，人形机器人，跌倒事故，0,150000，地面湿滑 + 算法缺陷，用户/厂商共同，软件升级 + 警示，市场监管局
RA-2025-021,2025-12-02，山东济南高新区，神思电子，SS-Service，服务机器人，碰撞事故，0,32000，导航地图过期，企业，地图更新，市场监管局
RA-2025-022,2025-12-15，福建福州高新区，新大陆，NLS-R1，支付机器人，数据泄露事故，0,580000，网络安全漏洞，厂商，系统加固 + 赔偿，网信办
RA-2026-001,2026-01-08，广东珠海高新区，格力，Gree-Bot，工业机械臂，夹伤事故，1,95000，安全光幕被遮挡，企业，安全整改 + 赔偿，安监局
RA-2026-002,2026-01-22，浙江义乌高新区，爱仕达，ASD-R1，厨房机器人，烫伤事故，1,18000，温控系统故障，厂商，召回维修，质监局
RA-2026-003,2026-02-05，湖南株洲高新区，中车，CRRC-IR，轨道巡检机器人，脱轨事故，0,380000，轨道检测传感器故障，厂商，系统升级，铁路局
RA-2026-004,2026-02-18，河南洛阳高新区，中信重工，CITIC-RX，特种巡检机器人，爆炸事故，1,850000，防爆密封失效，厂商，停产整顿 + 赔偿，应急管理部
RA-2026-005,2026-03-03，安徽芜湖经开区，埃夫特，EFORT-ER10，工业机械臂，误操作事故，1,175000，未授权人员操作，企业，停工培训 + 赔偿，安监局
RA-2026-006,2026-03-12，辽宁大连高新区，大显，DX-Service，银行服务机器人，系统瘫痪事故，0,120000，软件兼容性问题，厂商，系统回滚 + 升级，银保监局
RA-2026-007,2026-03-18，陕西西安高新区，铂亚，POYA-R1，安防机器人，坠落事故，0,68000，楼梯边缘探测失效，厂商，软件 OTA，市场监管局
RA-2024-012,2024-04-15，江苏南京江宁区，新石器，X3，无人配送车，碰撞事故，0,85000，避障系统故障，厂商，软件升级，市场监管局
RA-2024-013,2024-06-22，广东深圳南山区，美团，Magic Bot 2.0，无人配送车，碰撞事故，0,120000，行人突然横穿，用户/厂商共同，系统优化 + 警示，交警队
RA-2024-014,2024-08-10，北京亦庄开发区，京东，JD-Ant 5.0，无人配送车，剐蹭事故，0,95000，窄路会车判断失误，厂商，算法优化，交警队
RA-2024-015,2024-09-18，浙江杭州余杭区，麦歌，MG-Pick1，采摘机器人，机械故障，0,45000，机械臂关节卡滞，厂商，部件更换，农业农村局
RA-2024-016,2024-10-25，山东潍坊寿光，极飞，R150 Pro，农业无人车，翻车事故，0,68000，田埂边缘探测失效，用户，操作培训，农业农村局
RA-2024-017,2024-11-12，四川成都蒲江县，深兰科技，DB-Agri1，除草机器人，触电事故，1,125000，电缆破损漏电，厂商，召回 + 赔偿，质监局
RA-2025-023,2025-01-08，广东广州天河区，新石器，X3，无人配送车，火灾事故，0,180000，电池热失控，厂商，召回 + 技术改进，消防局
RA-2025-024,2025-02-15，上海浦东新区，白犀牛，WR-1，无人配送车，碰撞事故，0,72000，雨天传感器失效，厂商/用户共同，系统升级 + 警示，交警队
RA-2025-025,2025-03-20，北京朝阳区，美团，Magic Bot 2.0，无人配送车，摔倒事故，1,35000，路面不平导致货物掉落，用户，保险理赔，交警队
RA-2025-026,2025-04-12，江苏苏州昆山，睿农，RN-Harvest，收割机器人，机械伤害事故，1,280000，防护罩脱落，厂商，召回 + 赔偿，安监局
RA-2025-027,2025-05-08，广东东莞松山湖，行深智能，Insight 1.0，无人配送车，数据泄露事故，0,450000，网络安全漏洞，厂商，系统加固 + 赔偿，网信办
RA-2025-028,2025-06-18，浙江宁波鄞州区，毫末智行，XiaoMo 1.0，无人配送车，碰撞事故，0,88000，路口识别错误，厂商，算法优化，交警队
RA-2025-029,2025-07-22，湖南长沙长沙县，猎户星空，OS-Agri1，农业巡检机器人，跌落事故，0,52000，沟渠边缘探测失效，用户，操作培训，农业农村局
RA-2025-030,2025-08-15，福建厦门同安区，清研智行，QY-D1，无人配送车，剐蹭事故，0,42000，窄巷通行失误，用户，路线优化，交警队
RA-2025-031,2025-09-05，安徽合肥肥西县，智行者，Venus，无人配送车，碰撞事故，0,95000，夜间视觉受限，厂商/用户共同，系统升级 + 警示，交警队
RA-2025-032,2025-10-10，河南郑州中牟县，坎德拉，Sunrise，多功能配送车，夹伤事故，1,28000，自动门感应失效，厂商，部件更换 + 赔偿，质监局
RA-2026-008,2026-01-12，广东佛山南海区，普渡，BellaBot Pro，配送机器人，碰撞事故，0,32000，人流密集区导航失效，企业，限流 + 系统优化，市场监管局
RA-2026-009,2026-02-08，浙江温州乐清，擎朗智能，T10，配送机器人，跌落事故，0,58000，电梯联动故障，物业/厂商共同，系统优化，市场监管局
RA-2026-010,2026-03-05，山东青岛黄岛区，云迹科技，Runner Pro，酒店服务机器人，困梯事故，0,45000，电梯通信故障，物业/厂商共同，系统升级，市场监管局
RA-2026-011,2026-03-15，湖北武汉江夏区，极飞，R80，农业无人车，翻车事故，0,55000，坡道行驶失控，用户，操作培训 + 警示，农业农村局
RA-2024-018,2024-05-12，浙江杭州西湖区，科沃斯，T20 PRO，扫地机器人，火灾事故，0,15000，电池充电过热，厂商，召回 + 技术改进，消防局
RA-2024-019,2024-07-08，广东深圳福田区，石头科技，G10S Pure，扫地机器人，缠绕事故，1,8000，长发缠绕导致摔倒，用户，保险理赔，消费者协会
RA-2024-020,2024-09-15，江苏南京鼓楼区，云鲸，J4，扫地机器人，碰撞事故，0,5000，家具碰撞损坏，用户，使用培训，消费者协会
RA-2024-021,2024-11-20，四川成都武侯区，追觅，X30 Ultra，扫地机器人，火灾事故，1,28000，电池短路起火，厂商，召回 + 赔偿，消防局
RA-2025-033,2025-01-18，上海浦东新区，科沃斯，X1 OMNI，扫地机器人，跌落事故，0,12000，楼梯边缘探测失效，厂商，软件升级，市场监管局
RA-2025-034,2025-03-22，广东广州天河区，石头科技，S8 Pro Ultra，扫地机器人，夹伤事故，1,6000，滚刷夹伤手指，厂商/用户共同，警示 + 赔偿，质监局
RA-2025-035,2025-05-10，浙江宁波鄞州区，云鲸，J3，扫地机器人，漏水事故，0,18000，水箱密封失效，厂商，部件更换，质监局
RA-2025-036,2025-07-15，湖北武汉武昌区，追觅，L10s Ultra，扫地机器人，碰撞事故，0,8000，宠物干扰导航，用户，使用培训，消费者协会
RA-2025-037,2025-09-08，北京朝阳区，科沃斯，T10 OMNI，扫地机器人，触电事故，1,22000，充电器漏电，厂商，召回 + 赔偿，质监局
RA-2025-038,2025-11-12，福建厦门思明区，石头科技，Q Revo，扫地机器人，困梯事故，0,15000，电梯联动故障，物业/厂商共同，系统优化，市场监管局
RA-2026-012,2026-01-20，山东青岛崂山区，云鲸，J4 Lite，扫地机器人，火灾事故，0,25000，电池热失控，厂商，召回 + 技术改进，消防局
RA-2026-013,2026-02-25，湖南长沙岳麓区，追觅，H12 Pro，洗地机，漏电事故，1,18000，水箱导电漏电，厂商，召回 + 赔偿，质监局
RA-2026-014,2026-03-10，安徽合肥蜀山区，科沃斯，W2 PRO，擦窗机器人，高空坠落事故，0,85000，吸附失效坠落，厂商/用户共同，召回 + 警示，市场监管局
