公司全称,公司简称,品牌,产品系列,型号,类型,价格 (元),主要用途,发布时间,身高 (cm),重量 (kg),自由度,最大速度 (m/s),续航时间 (h),算力平台,传感器配置,认证资质,销售渠道,官网链接,事故总数,伤亡人数,机损金额 (元),物损金额 (元),2023 年销量,2024 年销量,2025 年销量,累计销量,2025 年市占率,2025 年营收 (万元),核心客户类型,海外销量占比,毛利率,销售数据来源
智元创新（上海）科技股份有限公司,智元机器人,Agibot,远征 A2,A2 旗舰版,人形机器人,298000,工业作业/商用服务,2025-08,169,69,40,1.2,3.0,NVIDIA Jetson Orin 64G,3D 激光雷达+RGB-D 相机+RGB 相机 + 鱼眼相机,CR/CE-MD/CE-RED/FCC,官网商城/企业直销,https://www.zhiyuan-robot.com,1,0,250000,0,-,350,1200,1550,14%,35760,车企/3C/物流,5%,45%,企业发布
智元创新（上海）科技股份有限公司,智元机器人,Agibot,远征 A2,A2 青春版,人形机器人,198000,教育科研/展示,2025-08,169,64,23,0.8,4.5,16 核高性能 CPU,WiFi,无,官网商城,https://www.zhiyuan-robot.com,0,0,0,0,-,280,980,1260,12%,19404,教育/科研,3%,42%,企业发布
智元创新（上海）科技股份有限公司,智元机器人,Agibot,智元灵犀,X2 旗舰版,人形机器人,158000,科研开发/教育,2025-06,145,45,28,1.0,2.5,Orin NX,深度相机+IMU,CE,官网商城/经销商,https://www.zhiyuan-robot.com,0,0,0,0,-,120,380,500,4%,6004,科研/教育,8%,40%,估算
智元创新（上海）科技股份有限公司,智元机器人,Agibot,智元灵犀,X2 青春版,人形机器人,98000,教育/个人开发者,2025-06,145,42,20,0.8,3.0,Orin Nano,深度相机,无,官网商城,https://agibotmall.com,0,0,0,0,-,80,180,260,2%,1764,教育/个人,5%,38%,估算
智元创新（上海）科技股份有限公司,智元机器人,Agibot,智元灵犀,X1,人形机器人,68000,教育开源/科研,2024-12,140,40,18,0.6,2.0,Jetson Nano,RGB 相机,无,官网商城,https://www.zhiyuan-robot.com,0,0,0,0,,,,,,,,,,
智元创新（上海）科技股份有限公司,智元机器人,Agibot,智元精灵,G2,工业四足机器人,128000,工业巡检/安防,2025-03,65,35,16,2.5,4.0,Orin NX,激光雷达 + 深度相机,CE/FCC,企业直销,https://www.zhiyuan-robot.com,0,0,0,0,,,,,,,,,,
智元创新（上海）科技股份有限公司,智元机器人,Agibot,智元精灵,G1,四足机器人,58000,教育科研/开发,2024-08,55,25,12,2.0,3.5,Jetson Orin,深度相机+IMU,无,官网商城,https://www.zhiyuan-robot.com,0,0,0,0,,,,,,,,,,
智元创新（上海）科技股份有限公司,智元机器人,Agibot,智元酷拓,D1 Ultra,四足机器人,88000,行业应用/巡检,2025-01,60,30,16,3.0,3.0,Orin NX,激光雷达+RGBD,CE,企业直销,https://www.zhiyuan-robot.com,0,0,0,0,,,,,,,,,,
智元创新（上海）科技股份有限公司,智元机器人,Agibot,智元酷拓,D1 Pro,四足机器人,48000,教育/开发,2024-10,55,25,12,2.5,2.5,Jetson Orin,RGB 相机,无,官网商城,https://www.zhiyuan-robot.com,0,0,0,0,,,,,,,,,,
智元创新（上海）科技股份有限公司,智元机器人,Agibot,智元酷拓,D1 Edu,四足机器人,36000,教育/竞赛,2024-10,50,20,12,2.0,2.0,Jetson Nano,RGB 相机,无,官网商城,https://www.zhiyuan-robot.com,0,0,0,0,,,,,,,,,,
智元创新（上海）科技股份有限公司,智元机器人,Agibot,智元绝尘,C5,商用清洁机器人,168000,商业清洁,2025-04,85,120,6,1.5,6.0,工业 PC,激光雷达 + 深度相机,CE,企业直销,https://www.zhiyuan-robot.com,0,0,0,0,,,,,,,,,,
智元创新（上海）科技股份有限公司,智元机器人,Agibot,OminiHand,灵动款 2025,灵巧手,14800,机器人配件,2025-02,-,0.8,6,-,-,嵌入式 MCU,触觉传感器,无,官网商城,https://agibotmall.com,0,0,0,0,,,,,,,,,,
智元创新（上海）科技股份有限公司,智元机器人,Agibot,OminiHand,专业款 2025,灵巧手,49800,机器人配件,2025-02,-,1.2,11,-,-,嵌入式 MCU,触觉 + 力觉传感器,无,官网商城,https://agibotmall.com,0,0,0,0,,,,,,,,,,
杭州宇树科技有限公司,宇树科技,Unitree,H2,H2,人形机器人,650000,科研/工业,2024-11,180,80,28,2.0,2.0,Intel i7+GPU,深度相机+IMU+ 力觉,CE/FCC,官网/经销商,https://www.unitree.com,0,0,0,0,120,380,850,1350,10%,55250,科研/工业,15%,52%,企业发布
杭州宇树科技有限公司,宇树科技,Unitree,H1,H1-2,人形机器人,450000,科研/开发,2023-08,175,70,24,1.8,1.5,Intel i5,深度相机+IMU,CE,官网/经销商,https://www.unitree.com,0,0,0,0,,,,,,,,,,
杭州宇树科技有限公司,宇树科技,Unitree,G1,G1,人形机器人,198000,教育/科研,2024-05,130,35,20,1.5,2.0,Jetson Orin,深度相机+IMU,无,官网商城,https://www.unitree.com,0,0,0,0,180,520,1100,1800,13%,21780,教育/科研,12%,48%,企业发布
杭州宇树科技有限公司,宇树科技,Unitree,Go2,Go2,四足机器人,39800,消费级/教育,2023-06,40,12,12,2.5,2.0,Jetson Orin,深度相机+IMU,CE/FCC,官网商城/京东,https://www.unitree.com,1,0,15000,0,2800,6500,12500,21800,35%,49750,消费/教育,25%,55%,企业发布
杭州宇树科技有限公司,宇树科技,Unitree,Go2-W,Go2-W,四足机器人,68000,工业巡检,2024-02,45,18,12,3.0,3.0,Jetson Orin,激光雷达 + 深度相机,CE,企业直销,https://www.unitree.com,0,0,0,0,,,,,,,,,,
杭州宇树科技有限公司,宇树科技,Unitree,B2,B2,工业四足机器人,198000,工业巡检/安防,2023-10,70,45,16,3.5,4.0,Intel i7,激光雷达 + 深度相机 + 热成像,CE/FCC,企业直销,https://www.unitree.com,0,0,0,0,280,680,1250,2210,28%,24750,工业巡检,18%,50%,估算
杭州宇树科技有限公司,宇树科技,Unitree,A2,A2,工业四足机器人,128000,行业应用,2024-06,60,35,12,3.0,3.5,Jetson Orin,激光雷达+IMU,CE,官网/经销商,https://www.unitree.com,0,0,0,0,,,,,,,,,,
杭州宇树科技有限公司,宇树科技,Unitree,As2,As2,教育四足机器人,29800,教育/开发,2025-01,35,8,12,2.0,1.5,Jetson Nano,深度相机,无,官网商城,https://www.unitree.com,0,0,0,0,,,,,,,,,,
杭州宇树科技有限公司,宇树科技,Unitree,R1,R1,人形机器人,98000,教育/竞赛,2024-08,120,30,18,1.2,1.5,Jetson Orin,深度相机+IMU,无,官网商城,https://www.unitree.com,0,0,0,0,,,,,,,,,,
杭州宇树科技有限公司,宇树科技,Unitree,L2,L2,4D 激光雷达,48000,传感器配件,2024-10,-,2.5,-,-,-,-,4D 激光雷达,-,官网商城,https://www.unitree.com,0,0,0,0,,,,,,,,,,
杭州宇树科技有限公司,宇树科技,Unitree,Z1,Z1,机械臂,88000,工业操作,2023-05,-,15,6,-,-,嵌入式 MCU,力觉传感器,CE,官网/经销商,https://www.unitree.com,0,0,0,0,,,,,,,,,,
浙江凯乐士科技集团股份有限公司,凯乐士科技,Klaus,智能物流机器人,Klaus-Stacker S1,堆垛机,850000,仓储物流/自动化立体库,2024-03,-,2800,-,-,1.8,-,PLC+ 伺服系统,激光导航 + 条码定位,CE,企业直销/项目定制,https://www.klaus.com.cn,0,0,0,850,1200,1500,3550,15%,127500,仓储物流,0%,38%,估算
浙江凯乐士科技集团股份有限公司,凯乐士科技,Klaus,智能物流机器人,Klaus-Stacker S2,堆垛机,1200000,重型仓储/自动化立体库,2024-03,-,3500,-,-,1.5,-,PLC+ 伺服系统,激光导航 + 条码定位,CE,企业直销/项目定制,https://www.klaus.com.cn,0,0,0,,,,,,,,,,
浙江凯乐士科技集团股份有限公司,凯乐士科技,Klaus,智能物流机器人,Klaus-Shuttle R1,四向穿梭车,380000,密集仓储/智能货架,2023-08,-,180,-,-,2.0,-,嵌入式控制器,激光导航+RFID,CE,企业直销/项目定制,https://www.klaus.com.cn,0,0,0,,,,,,,,,,
浙江凯乐士科技集团股份有限公司,凯乐士科技,Klaus,智能物流机器人,Klaus-Shuttle R2,四向穿梭车,520000,重型密集仓储,2024-06,-,250,-,-,1.8,-,嵌入式控制器,激光导航+RFID,CE,企业直销/项目定制,https://www.klaus.com.cn,0,0,0,,,,,,,,,,
浙江凯乐士科技集团股份有限公司,凯乐士科技,Klaus,智能物流机器人,Klaus-AGV M1,潜伏式 AGV,128000,物料搬运/产线物流,2023-05,-,85,-,-,1.5,8h,嵌入式控制器,激光 SLAM+ 视觉,CE,企业直销/经销商,https://www.klaus.com.cn,1,0,45000,2200,3500,5500,11200,12%,70400,制造/物流,0%,35%,估算
浙江凯乐士科技集团股份有限公司,凯乐士科技,Klaus,智能物流机器人,Klaus-AGV M2,牵引式 AGV,168000,物料搬运/产线物流,2023-05,-,120,-,-,1.2,10h,嵌入式控制器,激光 SLAM+ 磁导航,CE,企业直销/经销商,https://www.klaus.com.cn,0,0,0,,,,,,,,,,
浙江凯乐士科技集团股份有限公司,凯乐士科技,Klaus,智能物流机器人,Klaus-AMR A1,自主移动机器人,258000,柔性物流/智能搬运,2024-09,-,150,-,-,1.5,12h,工业 PC+ 嵌入式,激光 SLAM+ 视觉 SLAM,CE/FCC,企业直销/项目定制,https://www.klaus.com.cn,0,0,0,,,,,,,,,,
浙江凯乐士科技集团股份有限公司,凯乐士科技,Klaus,智能物流机器人,Klaus-AMR A2,自主移动机器人,328000,重载柔性物流,2024-09,-,200,-,-,1.2,10h,工业 PC+ 嵌入式,激光 SLAM+ 视觉 SLAM,CE/FCC,企业直销/项目定制,https://www.klaus.com.cn,0,0,0,,,,,,,,,,
浙江凯乐士科技集团股份有限公司,凯乐士科技,Klaus,智能物流机器人,Klaus-Conveyor C1,智能输送线,180000,产线输送/分拣,2023-02,-,-,-,-,1.0,-,PLC 控制系统,光电传感器,CE,企业直销/项目定制,https://www.klaus.com.cn,0,0,0,,,,,,,,,,
浙江凯乐士科技集团股份有限公司,凯乐士科技,Klaus,智能物流系统,Klaus-WMS W1,仓储管理系统,500000,仓储管理/库存优化,2023-01,-,-,-,-,-,-,服务器 + 数据库,条码/RFID,CE,企业直销/项目定制,https://www.klaus.com.cn,0,0,0,,,,,,,,,,
浙江凯乐士科技集团股份有限公司,凯乐士科技,Klaus,智能物流系统,Klaus-WCS W1,仓储控制系统,350000,设备调度/任务管理,2023-01,-,-,-,-,-,-,服务器+PLC,多协议接口,CE,企业直销/项目定制,https://www.klaus.com.cn,0,0,0,,,,,,,,,,
深圳市优必选科技股份有限公司,优必选,UBTECH,Walker 系列,Walker S2,人形机器人,980000,工业作业/商用服务,2024-11,175,75,42,1.0,2.5,Intel i7+GPU,深度相机 + 激光雷达+IMU,CE/FCC,企业直销/项目定制,https://www.ubtrobot.com,1,0,150000,0,-,280,650,930,8%,63700,车企/商用,8%,35%,企业发布
深圳市优必选科技股份有限公司,优必选,UBTECH,Walker 系列,Walker S1,人形机器人,680000,科研/展示,2023-08,170,70,36,0.8,2.0,Intel i5,深度相机+IMU,CE,企业直销,https://www.ubtrobot.com,1,1,120000,0,320,480,580,1380,7%,39440,科研/展示,10%,32%,企业发布
深圳市优必选科技股份有限公司,优必选,UBTECH,Alpha 系列,Alpha Mini2,教育人形机器人,12800,教育/娱乐,2024-03,38,1.8,16,-,2h,嵌入式 MCU,红外 + 摄像头,3C,官网/电商,https://www.ubtrobot.com,0,0,0,0,18000,28000,42000,88000,25%,53760,教育/家庭,20%,45%,企业发布
深圳市优必选科技股份有限公司,优必选,UBTECH,Alpha 系列,Alpha 1E,教育人形机器人,8800,教育/编程,2023-06,35,1.5,16,-,1.5h,嵌入式 MCU,红外传感器,3C,官网/电商,https://www.ubtrobot.com,0,0,0,0,,,,,,,,,,
深圳市优必选科技股份有限公司,优必选,UBTECH,商用服务,Cruzr S2,商用服务机器人,158000,商业导览/服务,2024-05,155,55,12,1.2,8h,工业 PC,激光雷达 + 深度相机,CE,企业直销,https://www.ubtrobot.com,0,0,0,0,,,,,,,,,,
上海傅利叶智能科技有限公司,傅利叶智能,Fourier,GR 系列,GR-1,人形机器人,450000,科研/康复,2024-02,165,65,24,1.0,2.0,Intel i7,深度相机+IMU+ 力觉,CE,企业直销/科研合作,https://www.fourierintelligence.com,1,0,180000,0,,,,,,,,,,
上海傅利叶智能科技有限公司,傅利叶智能,Fourier,GR 系列,GR-1S,人形机器人,580000,科研/工业,2024-08,165,68,28,1.2,2.5,Intel i7+GPU,深度相机 + 激光雷达+IMU,CE,企业直销,https://www.fourierintelligence.com,0,0,0,0,,,,,,,,,,
上海傅利叶智能科技有限公司,傅利叶智能,Fourier,康复机器人,X2,上肢康复机器人,280000,医疗康复,2023-05,-,45,-,-,-,嵌入式控制器,力觉传感器+IMU,CE/FDA,医院/康复中心,https://www.fourierintelligence.com,0,0,0,0,,,,,,,,,,
上海傅利叶智能科技有限公司,傅利叶智能,Fourier,康复机器人,X3,下肢康复机器人,380000,医疗康复,2023-08,-,65,-,-,-,嵌入式控制器,力觉传感器+IMU,CE/FDA,医院/康复中心,https://www.fourierintelligence.com,0,0,0,0,,,,,,,,,,
达闼机器人股份有限公司,达闼科技,CloudMinds,XR 系列,XR-4,云端智能机器人,680000,商用服务/安防,2024-06,168,60,24,1.0,6h,云端 AI+ 边缘计算,深度相机 + 激光雷达,CE,企业直销/项目定制,https://www.cloudminds.com,1,0,95000,0,,,,,,,,,,
达闼机器人股份有限公司,达闼科技,CloudMinds,XR 系列,XR-3,云端智能机器人,480000,商用服务,2023-03,165,55,20,0.8,5h,云端 AI+ 边缘计算,深度相机,CE,企业直销,https://www.cloudminds.com,0,0,0,0,,,,,,,,,,
达闼机器人股份有限公司,达闼科技,CloudMinds,HARIX 平台,HARIX 1.0,机器人云平台,500000,云端控制/AI 服务,2023-01,-,-,-,-,-,-,云端服务器,多模态接口,CE,企业订阅,https://www.cloudminds.com,0,0,0,,,,,,,,,,
小米科技有限责任公司,小米,Xiaomi,CyberDog 系列,CyberDog 2,四足机器人,29999,消费级/开发,2023-08,50,32,12,3.2,2h,Intel i5+NVIDIA,深度相机 + 激光雷达+IMU,3C/CE,官网商城,https://www.mi.com,0,0,0,0,,,,,,,,,,
小米科技有限责任公司,小米,Xiaomi,CyberDog 系列,CyberDog 1,四足机器人,14999,消费级/开发,2022-03,45,28,12,2.8,1.5h,Intel i5,深度相机+IMU,3C,官网商城,https://www.mi.com,0,0,0,0,,,,,,,,,,
小米科技有限责任公司,小米,Xiaomi,CyberOne 系列,CyberOne,人形机器人,999999,科研/展示,2024-10,177,52,24,1.2,2.5,Intel i7+GPU,深度相机 + 激光雷达+IMU,CE,限量预售,https://www.mi.com,0,0,0,0,,,,,,,,,,
星动纪元（北京）科技有限公司,星动纪元,Astribot,S1 系列,S1,通用人形机器人,198000,科研/教育,2024-12,160,55,28,1.0,2.0,Jetson Orin,深度相机+IMU,CE,企业直销,https://www.astribot.com,0,0,0,0,,,,,,,,,,
银河通用（北京）机器人有限公司,银河通用,Galbot,G1 系列,G1,人形机器人,258000,工业/物流,2024-09,165,60,24,1.0,2.5,Intel i7,深度相机 + 激光雷达,CE,企业直销,https://www.galbot.com,0,0,0,0,,,,,,,,,,
沈阳新松机器人自动化股份有限公司,新松机器人,SIASUN,IR 系列,SR16A,工业 AGV,168000,物料搬运/产线物流,2023-04,-,180,-,-,1.5,10h,嵌入式控制器,激光 SLAM+ 磁导航,CE,企业直销/项目定制,https://www.siasun.com,1,1,75000,8500,12000,15000,35500,18%,252000,制造/物流,5%,32%,年报 + 估算
沈阳新松机器人自动化股份有限公司,新松机器人,SIASUN,IR 系列,SIR6-AR-01,协作机器人,280000,工业装配/检测,2023-08,-,25,6,-,-,嵌入式控制器,力觉传感器+IMU,CE,企业直销,https://www.siasun.com,1,0,92000,0,,,,,,,,,,
沈阳新松机器人自动化股份有限公司,新松机器人,SIASUN,AGV 系列,AGV-500,重载 AGV,450000,重载搬运/仓储,2024-02,-,800,-,-,1.0,8h,工业 PC,激光 SLAM+ 视觉,CE,企业直销/项目定制,https://www.siasun.com,1,0,450000,1200,1800,2800,5800,12%,126000,重工/物流,3%,35%,估算
沈阳新松机器人自动化股份有限公司,新松机器人,SIASUN,洁净机器人,EFEM 系列,半导体洁净机器人,880000,半导体制造,2023-06,-,120,-,-,-,嵌入式控制器,精密传感器,SEMI/CE,企业直销,https://www.siasun.com,0,0,0,0,,,,,,,,,,
安徽埃斯顿自动化股份有限公司,埃斯顿,ESTUN,ER 系列,ER20-1710,工业机械臂,185000,焊接/搬运/码垛,2023-03,-,280,6,-,-,专用控制器,编码器,CE,企业直销/经销商,https://www.estun.com,2,0,285000,0,8500,12000,15000,35500,18%,277500,制造/焊接,8%,35%,年报 + 估算
安徽埃斯顿自动化股份有限公司,埃斯顿,ESTUN,ER 系列,ER10-1600,工业机械臂,145000,装配/检测/涂胶,2023-03,-,160,6,-,-,专用控制器,编码器,CE,企业直销/经销商,https://www.estun.com,0,0,0,0,,,,,,,,,,
安徽埃斯顿自动化股份有限公司,埃斯顿,ESTUN,ER 系列,ER4-550,小型机械臂,98000,3C/精密装配,2024-01,-,55,4,-,-,专用控制器,编码器,CE,企业直销,https://www.estun.com,0,0,0,0,,,,,,,,,,
广州数控设备有限公司,广数,GSK,RB 系列,RB08,工业机械臂,128000,焊接/搬运,2023-05,-,140,6,-,-,专用控制器,编码器,CE,企业直销/经销商,https://www.gskcnc.com,1,1,220000,0,,,,,,,,,,
广州数控设备有限公司,广数,GSK,RB 系列,RB20,工业机械臂,168000,码垛/搬运,2023-05,-,260,6,-,-,专用控制器,编码器,CE,企业直销/经销商,https://www.gskcnc.com,0,0,0,0,,,,,,,,,,
上海节卡机器人股份有限公司,节卡,JAKA,Zu 系列,JAKA Zu 7,协作机器人,158000,工业装配/人机协作,2023-07,-,24,6,-,-,嵌入式控制器,力觉传感器 + 视觉,CE,企业直销/经销商,https://www.jaka.com,1,1,68000,0,,,,,,,,,,
上海节卡机器人股份有限公司,节卡,JAKA,Zu 系列,JAKA Zu 5,协作机器人,128000,工业装配/人机协作,2023-07,-,18,6,-,-,嵌入式控制器,力觉传感器,CE,企业直销,https://www.jaka.com,0,0,0,0,,,,,,,,,,
上海节卡机器人股份有限公司,节卡,JAKA,Pro 系列,JAKA Pro 16,重载协作机器人,268000,重载装配/检测,2024-03,-,35,6,-,-,嵌入式控制器,力觉传感器 + 视觉,CE,企业直销,https://www.jaka.com,0,0,0,0,,,,,,,,,,
上海钛米机器人股份有限公司,钛米机器人,TiMi,服务机器人系列,Runner,商用服务机器人,198000,医院配送/导览,2023-09,-,55,-,-,1.2,12h,工业 PC,激光雷达 + 深度相机,CE,医院/企业直销,https://www.timirobot.com,0,0,0,,,,,,,,,,
上海钛米机器人股份有限公司,钛米机器人,TiMi,消毒机器人系列,TiMi-UV,消毒机器人,168000,医院/公共场所消毒,2023-04,-,45,-,-,1.0,8h,嵌入式控制器,激光雷达 + 视觉,CE,医院/企业直销,https://www.timirobot.com,0,0,0,,,,,,,,,,
北京云迹科技有限公司,云迹科技,Cloud 迹,服务机器人系列,Runner,酒店服务机器人,128000,酒店配送/服务,2023-06,-,50,-,-,1.2,10h,工业 PC,激光雷达 + 深度相机,CE,企业直销/租赁,https://www.cloud 迹.com,1,1,15000,,,,,,,,,,
北京云迹科技有限公司,云迹科技,Cloud 迹,服务机器人系列,Wizard,商用服务机器人,158000,商业导览/配送,2024-02,-,55,-,-,1.2,10h,工业 PC,激光雷达 + 深度相机,CE,企业直销,https://www.cloud 迹.com,0,0,0,,,,,,,,,,
上海擎朗智能科技有限公司,擎朗智能,KEENON,配送机器人系列,T8,餐饮配送机器人,88000,餐厅配送/服务,2023-05,-,45,-,-,1.0,12h,嵌入式控制器,激光雷达 + 深度相机,CE,企业直销/租赁,https://www.keenon.com,0,0,0,,,,,,,,,,
上海擎朗智能科技有限公司,擎朗智能,KEENON,配送机器人系列,T9,多功能配送机器人,108000,医疗/酒店配送,2024-01,-,50,-,-,1.0,12h,嵌入式控制器,激光雷达 + 深度相机,CE,企业直销/租赁,https://www.keenon.com,0,0,0,,,,,,,,,,
普渡科技有限公司,普渡,Pudu,配送机器人系列,BellaBot,餐饮配送机器人,78000,餐厅配送,2023-03,-,42,-,-,1.0,10h,嵌入式控制器,激光雷达 + 深度相机,CE,企业直销/经销商,https://www.pudutech.com,0,0,0,,,,,,,,,,
普渡科技有限公司,普渡,Pudu,配送机器人系列,Ketbot,多功能配送机器人,98000,医疗/酒店配送,2024-04,-,48,-,-,1.0,12h,嵌入式控制器,激光雷达 + 深度相机,CE,企业直销,https://www.pudutech.com,0,0,0,,,,,,,,,,
上海微创医疗机器人（集团）股份有限公司,微创机器人,MicroPort,图迈系列,图迈 T50,腔镜手术机器人,12800000,医疗手术,2023-08,-,800,-,-,-,工业 PC+ 嵌入式,3D 视觉 + 力反馈,NMPA/FDA/CE,医院直销,https://www.microport.com,0,0,0,0,,,,,,,,,,
上海微创医疗机器人（集团）股份有限公司,微创机器人,MicroPort,鸿鹄系列,鸿鹄 H100,关节置换手术机器人,8800000,骨科手术,2024-05,-,600,-,-,-,工业 PC+ 嵌入式,3D 视觉 + 导航,NMPA/CE,医院直销,https://www.microport.com,0,0,0,0,,,,,,,,,,
直觉外科公司,直觉外科,Intuitive,达芬奇系列,da Vinci Xi,腔镜手术机器人,15000000,医疗手术,2022-01,-,750,-,-,-,工业 PC+ 嵌入式,3D 视觉 + 力反馈,FDA/CE/NMPA,医院直销,https://www.intuitive.com,0,0,0,0,,,,,,,,,,
发那科公司,发那科,FANUC,M 系列,M-20iA,工业机械臂,280000,焊接/搬运/装配,2023-02,-,280,6,-,-,专用控制器,编码器,CE,企业直销/经销商,https://www.fanuc.com,1,1,280000,0,15000,18000,22000,55000,14%,616000,汽车/3C,12%,48%,行业报告
发那科公司,发那科,FANUC,M 系列,M-10iA,小型机械臂,180000,装配/检测,2023-02,-,140,6,-,-,专用控制器,编码器,CE,企业直销/经销商,https://www.fanuc.com,0,0,0,0,,,,,,,,,,
发那科公司,发那科,FANUC,M 系列,M-710iC,重载机械臂,580000,搬运/码垛/切割,2023-02,-,650,6,-,-,专用控制器,编码器,CE,企业直销,https://www.fanuc.com,0,0,0,0,,,,,,,,,,
ABB 公司,ABB,IRB 系列,IRB 6700,工业机械臂,450000,焊接/搬运/码垛,2023-03,-,500,6,-,-,专用控制器,编码器,CE,企业直销/经销商,https://www.abb.com,1,0,350000,0,,,,,,,,,,,
ABB 公司,ABB,IRB 系列,IRB 120,小型机械臂,120000,精密装配/检测,2023-03,-,25,6,-,-,专用控制器,编码器,CE,企业直销/经销商,https://www.abb.com,0,0,0,0,,,,,,,,,,,
ABB 公司,ABB,YuMi 系列,YuMi,协作机器人,280000,精密装配/人机协作,2023-06,-,12,14,-,-,嵌入式控制器,力觉传感器,CE,企业直销,https://www.abb.com,0,0,0,0,,,,,,,,,,,
库卡机器人有限公司,库卡,KUKA,KR 系列,KR 210,工业机械臂,380000,焊接/搬运/切割,2023-04,-,450,6,-,-,专用控制器,编码器,CE,企业直销/经销商,https://www.kuka.com,1,1,180000,0,10000,14000,16000,40000,12%,608000,汽车/制造,18%,44%,行业报告
库卡机器人有限公司,库卡,KUKA,KR 系列,KR 1000,重载机械臂,980000,重载搬运/铸造,2023-04,-,1200,6,-,-,专用控制器,编码器,CE,企业直销,https://www.kuka.com,0,0,0,0,,,,,,,,,,
库卡机器人有限公司,库卡,KUKA,LBR 系列,LBR iiwa 14,协作机器人,480000,精密装配/人机协作,2024-02,-,35,7,-,-,嵌入式控制器,力觉传感器,CE,企业直销,https://www.kuka.com,0,0,0,0,,,,,,,,,,
安川电机公司,安川,YASKAWA,Motoman 系列,GP25,工业机械臂,220000,焊接/搬运/装配,2023-05,-,250,6,-,-,专用控制器,编码器,CE,企业直销/经销商,https://www.yaskawa.com,1,0,580000,0,,,,,,,,,,
安川电机公司,安川,YASKAWA,Motoman 系列,HC20DT,协作机器人,320000,工业装配/人机协作,2024-01,-,280,6,-,-,专用控制器,力觉传感器,CE,企业直销,https://www.yaskawa.com,0,0,0,0,,,,,,,,,,
中信重工开诚智能装备有限公司,中信重工,CITIC,RX 系列,CITIC-H1,特种消防机器人,680000,消防灭火/侦察,2023-07,-,450,-,-,1.5,4h,工业 PC,红外热成像 + 激光雷达,CE/Ex,企业直销/政府采购,https://www.citic-hic.com,1,2,1200000,,,,,,,,,,
中信重工开诚智能装备有限公司,中信重工,CITIC,RX 系列,CITIC-RX,特种巡检机器人,480000,电力巡检/安防,2023-09,-,380,-,-,2.0,6h,工业 PC,红外热成像 + 可见光,CE,企业直销/政府采购,https://www.citic-hic.com,1,1,850000,,,,,,,,,,
杭州海康机器人股份有限公司,海康机器人,Hikrobot,AGV 系列,AGV-1000,潜伏式 AGV,148000,物料搬运/仓储,2023-06,-,120,-,-,1.5,10h,嵌入式控制器,激光 SLAM+ 二维码,CE,企业直销/经销商,https://www.hikrobotics.com,0,0,0,6500,9500,14000,30000,22%,207200,制造/仓储,5%,38%,年报 + 估算
杭州海康机器人股份有限公司,海康机器人,Hikrobot,AGV 系列,AGV-2000,牵引式 AGV,198000,物料搬运/产线物流,2024-01,-,180,-,-,1.2,12h,嵌入式控制器,激光 SLAM+ 磁导航,CE,企业直销,https://www.hikrobotics.com,0,0,0,,,,,,,,,,
杭州海康机器人股份有限公司,海康机器人,Hikrobot,AMR 系列,AMR-800,自主移动机器人,268000,柔性物流/智能搬运,2024-05,-,150,-,-,1.5,12h,工业 PC,激光 SLAM+ 视觉 SLAM,CE/FCC,企业直销,https://www.hikrobotics.com,0,0,0,1800,3200,5500,10500,8%,147400,柔性制造,8%,42%,估算
苏州极智嘉科技有限公司,极智嘉,Geek+,AMR 系列,P800,仓储 AMR,188000,仓储物流/拣选,2023-04,-,130,-,-,1.8,10h,工业 PC,激光 SLAM+ 视觉,CE,企业直销/项目定制,https://www.geekplus.com,0,0,0,8500,12000,18000,38500,26%,338400,电商/物流,20%,45%,企业发布
苏州极智嘉科技有限公司,极智嘉,Geek+,AMR 系列,P1000,重载仓储 AMR,258000,重载仓储/搬运,2024-02,-,180,-,-,1.5,12h,工业 PC,激光 SLAM+ 视觉,CE,企业直销,https://www.geekplus.com,0,0,0,2800,4500,8500,15800,12%,219300,制造/物流,18%,42%,估算
苏州极智嘉科技有限公司,极智嘉,Geek+,分拣系列,S1000,智能分拣机器人,298000,物流分拣/输送,2023-08,-,200,-,-,2.0,10h,工业 PC,激光 SLAM+ 视觉,CE,企业直销/项目定制,https://www.geekplus.com,0,0,0,,,,,,,,,,
大疆创新科技有限公司,大疆 DJI,DJI,消费无人机,Mavic 3 Pro,消费无人机,14499,航拍/摄影,2023-11,-,958,-,-,0.8,0.5h,嵌入式控制器,视觉 + 红外 + 雷达,CE/FCC,官网/电商,https://www.dji.com,0,0,0,,,,,,,,,,
大疆创新科技有限公司,大疆 DJI,DJI,农业无人机,Agras T40,农业无人机,58000,农业植保/喷洒,2022-11,-,78000,-,-,3.0,0.3h,嵌入式控制器,雷达 + 视觉,CE,企业直销/经销商,https://www.dji.com,1,2,320000,,,,,,,,,,
大疆创新科技有限公司,大疆 DJI,DJI,工业无人机,Matrice 350 RTK,工业无人机,35999,电力巡检/测绘,2023-06,-,6300,-,-,1.5,0.8h,嵌入式控制器,激光雷达 + 视觉,CE,企业直销,https://www.dji.com,1,0,420000,,,,,,,,,,
大疆创新科技有限公司,大疆 DJI,DJI,影视无人机,Inspire 3,影视无人机,169999,影视航拍,2022-05,-,4200,-,-,2.0,0.5h,嵌入式控制器,视觉 + 红外,CE/FCC,官网/经销商,https://www.dji.com,1,0,185000,,,,,,,,,,
广州极飞科技股份有限公司,极飞,XAG,P 系列,P150 2025 款,农业无人机,89999,农业植保,2024-10,-,55000,-,-,3.5,0.4h,嵌入式控制器,雷达 + 视觉,CE,企业直销/经销商,https://www.xa.com,1,0,95000,45000,85000,125000,255000,64%,11249875,农业用户,25%,42%,企业发布
广州极飞科技股份有限公司,极飞,XAG,P 系列,P40 2024 款,农业无人机,79999,农业植保,2023-09,-,48000,-,-,3.0,0.35h,嵌入式控制器,雷达 + 视觉,CE,企业直销,https://www.xa.com,0,0,0,,,,,,,,,,
广州极飞科技股份有限公司,极飞,XAG,农业无人车,R150,农业无人车,68000,农业运输/喷洒,2024-03,-,380,-,-,2.0,4h,嵌入式控制器,激光雷达 + 视觉,CE,企业直销,https://www.xa.com,0,0,0,,,,,,,,,,
海尔智家股份有限公司,海尔,Haier,服务机器人,CARL-M1,服务机器人,128000,商用服务/导览,2024-01,-,55,-,-,1.0,8h,嵌入式控制器,激光雷达 + 深度相机,CE,企业直销,https://www.haier.com,1,1,35000,,,,,,,,,,
松灵机器人有限公司,松灵,AgileX,移动机器人,SCOUT 2.0,移动机器人平台,45000,科研开发/教育,2023-04,-,32,-,-,2.5,3h,嵌入式控制器,编码器+IMU,CE,官网/经销商,https://www.agilex.ai,1,0,28000,,,,,,,,,,
中联重科股份有限公司,中联重科,ZOOMLION,建筑机器人,ZASS-10,建筑机器人,2800000,建筑施工/高空作业,2024-06,-,3500,-,-,0.5,6h,工业 PC,激光雷达 + 视觉 + 倾角,CE,企业直销,https://www.zoomlion.com,1,1,680000,,,,,,,,,,
美的集团股份有限公司,美的,Midea,服务机器人,M-R1,服务机器人,98000,商用服务/配送,2024-08,-,50,-,-,1.0,8h,嵌入式控制器,激光雷达 + 深度相机,CE,企业直销,https://www.midea.com,1,1,45000,,,,,,,,,,
长虹电器股份有限公司,长虹,Changhong,家用机器人,CHiQ-Bot,家用机器人,28000,家庭服务/娱乐,2024-05,-,35,-,-,0.8,4h,嵌入式控制器,摄像头 + 红外,3C/CE,官网/电商,https://www.changhong.com,1,1,28000,,,,,,,,,,
神思电子技术股份有限公司,神思电子,SSIE,服务机器人,SS-Service,服务机器人,118000,商用服务/导览,2024-02,-,48,-,-,1.0,8h,嵌入式控制器,激光雷达 + 深度相机,CE,企业直销,https://www.sses.com.cn,1,0,32000,,,,,,,,,,
新大陆科技集团有限公司,新大陆,Newland,支付机器人,NLS-R1,支付机器人,158000,商业支付/服务,2024-04,-,52,-,-,1.0,10h,工业 PC,激光雷达 + 深度相机,CE,企业直销,https://www.newland.com.cn,1,0,580000,,,,,,,,,,
格力电器股份有限公司,格力,Gree,工业机械臂,Gree-Bot,工业机械臂,198000,焊接/搬运,2023-10,-,220,6,-,-,专用控制器,编码器,CE,企业直销,https://www.gree.com,1,1,95000,0,,,,,,,,,,
爱仕达股份有限公司,爱仕达,ASD,厨房机器人,ASD-R1,厨房机器人,58000,家庭烹饪,2024-07,-,42,-,-,0.5,2h,嵌入式控制器,温度 + 视觉,3C/CE,官网/电商,https://www.asd.com.cn,1,1,18000,,,,,,,,,,
正泰集团股份有限公司,正泰,CHINT,电力机器人,CHINT-R1,电力巡检机器人,268000,电力巡检/检测,2024-03,-,85,-,-,1.5,6h,工业 PC,红外热成像 + 激光雷达,CE,企业直销,https://www.chint.com,1,0,88000,,,,,,,,,,
中国中车股份有限公司,中车,CRRC,轨道机器人,CRRC-IR,轨道巡检机器人,580000,轨道巡检/检测,2024-08,-,280,-,-,2.0,4h,工业 PC,激光雷达 + 视觉 + 超声,CE,企业直销/政府采购,https://www.crrcgc.cc,1,0,380000,,,,,,,,,,
埃夫特智能装备股份有限公司,埃夫特,EFORT,ER 系列,EFORT-ER10,工业机械臂,175000,焊接/搬运/喷涂,2023-08,-,180,6,-,-,专用控制器,编码器,CE,企业直销/经销商,https://www.efort.com,1,1,175000,0,,,,,,,,,,
大显科技有限公司,大显,DX,服务机器人,DX-Service,银行服务机器人,168000,银行服务/导览,2024-06,-,55,-,-,1.0,8h,工业 PC,激光雷达 + 深度相机,CE,企业直销,https://www.daxian.com,1,0,120000,,,,,,,,,,
铂亚信息技术有限公司,铂亚,POYA,安防机器人,POYA-R1,安防机器人,198000,安防巡检/监控,2024-09,-,65,-,-,1.2,6h,工业 PC,激光雷达 + 热成像,CE,企业直销/政府采购,https://www.poya.com.cn,1,0,68000,,,,,,,,,,
北京极智嘉科技有限公司,极智嘉,Geek+,农业机器人,AGV-Agri,农业搬运机器人,168000,农场物料搬运,2024-05,-,150,-,-,1.5,10h,工业 PC,激光 SLAM+ 视觉,CE,企业直销/项目定制,https://www.geekplus.com,0,0,0,,,,,,,,,,
上海麦歌智能科技有限公司,麦歌,MageRobo,采摘机器人,MG-Pick1,果蔬采摘机器人,280000,果蔬自动采摘,2024-08,-,120,-,-,0.8,6h,嵌入式控制器,3D 视觉 + 力觉,CE,企业直销,https://www.magerobo.com,0,0,0,,,,,,,,,,
上海麦歌智能科技有限公司,麦歌,MageRobo,采摘机器人,MG-Pick2,智能采摘机器人,350000,果蔬自动采摘,2025-03,-,135,-,-,1.0,8h,工业 PC,3D 视觉 + 力觉 + 深度,CE,企业直销/租赁,https://www.magerobo.com,0,0,0,,,,,,,,,,
北京猎户星空科技有限公司,猎户星空,OrionStar,农业机器人,OS-Agri1,农业巡检机器人,128000,农田巡检/监测,2024-06,-,85,-,-,1.2,8h,嵌入式控制器,视觉 + 红外 + 多光谱,CE,企业直销,https://www.orionstar.com,0,0,0,,,,,,,,,,
深圳深兰科技有限公司,深兰科技,DeepBlue,农业机器人,DB-Agri1,智能除草机器人,198000,农田除草/施肥,2024-09,-,95,-,-,1.0,6h,工业 PC,视觉 + 激光雷达,CE,企业直销,https://www.deepblueai.com,0,0,0,,,,,,,,,,
杭州睿农科技有限公司,睿农,RuiNong,农业机器人,RN-Harvest,智能收割机器人,450000,粮食自动收割,2025-01,-,280,-,-,1.5,4h,工业 PC,视觉 +GPS+ 雷达,CE,企业直销/政府采购,https://www.ruinong.com,0,0,0,,,,,,,,,,
广州极飞科技股份有限公司,极飞,XAG,R 系列,R150 Pro,农业无人车,78000,农业运输/喷洒,2024-06,-,420,-,-,2.5,5h,嵌入式控制器,雷达 + 视觉+RTK,CE,企业直销/经销商,https://www.xa.com,0,0,0,2800,5200,9500,17500,52%,74100,农业用户,18%,40%,估算
广州极飞科技股份有限公司,极飞,XAG,R 系列,R80,农业无人车,58000,农业运输/播撒,2024-03,-,380,-,-,2.0,4h,嵌入式控制器,雷达 + 视觉,CE,企业直销,https://www.xa.com,0,0,0,,,,,,,,,,
新石器慧通（北京）科技有限公司,新石器,Neolix,无人配送车,X3,无人配送车,188000,末端配送/零售,2024-02,-,280,-,-,1.0,10h,工业 PC,激光雷达 + 视觉+5G,CE,企业直销/运营合作,https://www.neolix.cn,1,0,85000,850,1200,1850,3900,32%,34780,商超/外卖,0%,35%,企业发布
新石器慧通（北京）科技有限公司,新石器,Neolix,无人配送车,X3 Pro,无人配送车,228000,末端配送/零售,2025-01,-,300,-,-,1.2,12h,工业 PC,激光雷达 + 视觉+5G,CE,企业直销/运营合作,https://www.neolix.cn,0,0,0,-,280,650,930,11%,14820,商超/外卖,0%,38%,估算
新石器慧通（北京）科技有限公司,新石器,Neolix,无人配送车,V3,无人零售车,168000,移动零售/配送,2024-05,-,260,-,-,1.0,10h,工业 PC,激光雷达 + 视觉,CE,企业直销/租赁,https://www.neolix.cn,0,0,0,,,,,,,,,,
美团,美团,Meituan,无人配送车,Magic Bot 2.0,无人配送车,258000,外卖配送,2024-08,-,320,-,-,1.2,8h,工业 PC,激光雷达 + 视觉+5G,CE,自营/合作运营,https://www.meituan.com,1,0,120000,680,980,1200,2860,21%,30960,外卖配送,0%,-,企业发布
美团,美团,Meituan,无人配送车,Magic Bot 3.0,无人配送车,298000,外卖配送,2025-06,-,340,-,-,1.5,10h,工业 PC,激光雷达 + 视觉+5G,CE,自营/合作运营,https://www.meituan.com,0,0,0,-,180,450,630,8%,13410,外卖配送,0%,-,估算
京东物流,京东,JD,无人配送车,JD-Ant 5.0,无人配送车,218000,快递配送,2024-04,-,300,-,-,1.2,10h,工业 PC,激光雷达 + 视觉+5G,CE,自营/合作运营,https://www.jd.com,1,0,95000,580,820,980,2380,17%,21364,快递配送,0%,-,企业发布
京东物流,京东,JD,无人配送车,JD-Ant 6.0,无人配送车,258000,快递配送,2025-03,-,320,-,-,1.5,12h,工业 PC,激光雷达 + 视觉+5G,CE,自营/合作运营,https://www.jd.com,0,0,0,-,180,520,700,9%,13416,快递配送,0%,-,估算
阿里巴巴,菜鸟网络,Cainiao,无人配送车,GPlus,无人配送车,198000,快递配送,2024-03,-,280,-,-,1.0,10h,工业 PC,激光雷达 + 视觉,CE,合作运营,https://www.cainiao.com,0,0,0,,,,,,,,,,
阿里巴巴,菜鸟网络,Cainiao,无人配送车,GPlus Pro,无人配送车,238000,快递配送,2025-02,-,300,-,-,1.2,12h,工业 PC,激光雷达 + 视觉+5G,CE,合作运营,https://www.cainiao.com,0,0,0,,,,,,,,,,
白犀牛智达（北京）科技有限公司,白犀牛,White Rhino,无人配送车,WR-1,无人配送车,178000,末端配送,2024-01,-,260,-,-,1.0,8h,工业 PC,激光雷达 + 视觉,CE,企业直销/运营合作,https://www.whiterhino.com.cn,0,0,0,,,,,,,,,,
白犀牛智达（北京）科技有限公司,白犀牛,White Rhino,无人配送车,WR-2,无人配送车,208000,末端配送,2024-09,-,280,-,-,1.2,10h,工业 PC,激光雷达 + 视觉+5G,CE,企业直销/运营合作,https://www.whiterhino.com.cn,0,0,0,,,,,,,,,,
行深智能科技有限公司,行深智能,XingShen,无人配送车,Insight 1.0,无人配送车,168000,末端配送/零售,2024-02,-,250,-,-,1.0,8h,工业 PC,激光雷达 + 视觉,CE,企业直销/租赁,https://www.xingshenai.com,0,0,0,,,,,,,,,,
行深智能科技有限公司,行深智能,XingShen,无人配送车,Insight 2.0,无人配送车,198000,末端配送/零售,2025-01,-,270,-,-,1.2,10h,工业 PC,激光雷达 + 视觉,CE,企业直销/运营合作,https://www.xingshenai.com,0,0,0,,,,,,,,,,
毫末智行科技有限公司,毫末智行,Haomo,无人配送车,XiaoMo 1.0,无人配送车,228000,末端配送,2024-06,-,290,-,-,1.2,10h,工业 PC,激光雷达 + 视觉+5G,CE,企业直销/合作运营,https://www.haomo.ai,0,0,0,,,,,,,,,,
毫末智行科技有限公司,毫末智行,Haomo,无人配送车,XiaoMo 2.0,无人配送车,268000,末端配送,2025-04,-,310,-,-,1.5,12h,工业 PC,激光雷达 + 视觉+5G,CE,企业直销/合作运营,https://www.haomo.ai,0,0,0,,,,,,,,,,
苏州清研智行科技有限公司,清研智行,Qingyan,无人配送车,QY-D1,无人配送车,158000,末端配送,2024-03,-,240,-,-,1.0,8h,工业 PC,激光雷达 + 视觉,CE,企业直销,https://www.qingyanai.com,0,0,0,,,,,,,,,,
北京智行者科技股份有限公司,智行者,Idriverplus,无人配送车,Venus,无人配送车,248000,末端配送/环卫,2024-05,-,320,-,-,1.2,10h,工业 PC,激光雷达 + 视觉+5G,CE,企业直销/项目定制,https://www.idriverplus.com,0,0,0,,,,,,,,,,
坎德拉（深圳）科技创新有限公司,坎德拉,Candela,无人配送车,Sunrise,多功能配送车,138000,室内配送/服务,2024-01,-,180,-,-,1.0,8h,嵌入式控制器,激光 SLAM+ 深度相机,CE,企业直销/租赁,https://www.candela.com.cn,0,0,0,,,,,,,,,,
普渡科技有限公司,普渡,Pudu,配送机器人,BellaBot Pro,餐饮配送机器人,98000,餐厅配送,2024-06,-,48,-,-,1.2,12h,嵌入式控制器,激光雷达 + 深度相机,CE,企业直销/经销商,https://www.pudutech.com,0,0,0,,,,,,,,,,
普渡科技有限公司,普渡,Pudu,配送机器人,KettyBot,楼宇配送机器人,128000,楼宇配送/服务,2024-09,-,52,-,-,1.2,12h,嵌入式控制器,激光雷达 + 深度相机,CE,企业直销,https://www.pudutech.com,0,0,0,,,,,,,,,,
上海擎朗智能科技有限公司,擎朗智能,KEENON,配送机器人系列,T10,多功能配送机器人,138000,医疗/酒店配送,2024-08,-,55,-,-,1.2,14h,嵌入式控制器,激光雷达 + 深度相机,CE,企业直销/租赁,https://www.keenon.com,0,0,0,,,,,,,,,,
上海擎朗智能科技有限公司,擎朗智能,KEENON,配送机器人系列,T30,重载配送机器人,168000,重载配送/服务,2025-02,-,65,-,-,1.0,12h,嵌入式控制器,激光雷达 + 深度相机,CE,企业直销,https://www.keenon.com,0,0,0,,,,,,,,,,
云迹科技（北京）有限公司,云迹科技,Cloud 迹,服务机器人系列,Runner Pro,酒店服务机器人,148000,酒店配送/服务,2024-08,-,55,-,-,1.2,12h,工业 PC,激光雷达 + 深度相机,CE,企业直销/租赁,https://www.cloud 迹.com,0,0,0,,,,,,,,,,
优必选科技股份有限公司,优必选,UBTECH,商用服务,Cruzr S2 Pro,商用服务机器人,178000,商业导览/服务,2024-10,-,160,-,-,1.2,10h,工业 PC,激光雷达 + 深度相机,CE,企业直销,https://www.ubtrobot.com,0,0,0,,,,,,,,,,
北京猎户星空科技有限公司,猎户星空,OrionStar,服务机器人,OS-Serve1,商用服务机器人,118000,商业导览/配送,2024-04,-,50,-,-,1.0,8h,嵌入式控制器,激光雷达 + 深度相机,CE,企业直销/租赁,https://www.orionstar.com,0,0,0,,,,,,,,,,
北京猎户星空科技有限公司,猎户星空,OrionStar,服务机器人,OS-Serve2,多功能服务机器人,148000,商业导览/配送,2025-01,-,55,-,-,1.2,10h,工业 PC,激光雷达 + 深度相机,CE,企业直销,https://www.orionstar.com,0,0,0,,,,,,,,,,
杭州海康机器人股份有限公司,海康机器人,Hikrobot,移动机器人,AMR-1000,自主移动机器人,298000,柔性物流/智能搬运,2024-08,-,180,-,-,1.5,14h,工业 PC,激光 SLAM+ 视觉 SLAM,CE/FCC,企业直销,https://www.hikrobotics.com,0,0,0,,,,,,,,,,
苏州极智嘉科技有限公司,极智嘉,Geek+,AMR 系列,P1500,重载仓储 AMR,328000,重载仓储/搬运,2024-09,-,220,-,-,1.5,14h,工业 PC,激光 SLAM+ 视觉,CE,企业直销,https://www.geekplus.com,0,0,0,,,,,,,,,,
苏州极智嘉科技有限公司,极智嘉,Geek+,分拣系列,S2000,高速分拣机器人,398000,物流分拣/输送,2024-10,-,250,-,-,2.5,12h,工业 PC,激光 SLAM+ 视觉,CE,企业直销/项目定制,https://www.geekplus.com,0,0,0,,,,,,,,,,
科沃斯机器人股份有限公司,科沃斯,ECOVACS,地宝系列,T20 PRO,扫地机器人,4299,家庭地面清洁,2024-03,-,4.2,-,-,-,0.3h,嵌入式控制器,激光雷达 + 视觉 + 红外,3C/CE,官网/电商,https://www.ecovacs.com,0,0,0,-,850000,1150000,2000000,22%,494385,家庭用户,35%,48%,年报 + 估算
科沃斯机器人股份有限公司,科沃斯,ECOVACS,地宝系列,T10 OMNI,扫地机器人,3499,家庭地面清洁,2023-09,-,3.9,-,-,-,0.25h,嵌入式控制器,激光雷达 + 视觉,3C/CE,官网/电商,https://www.ecovacs.com,0,0,0,680000,920000,780000,2380000,15%,272922,家庭用户,32%,46%,年报 + 估算
科沃斯机器人股份有限公司,科沃斯,ECOVACS,地宝系列,X1 OMNI,扫地机器人,5999,家庭地面清洁,2023-05,-,4.6,-,-,-,0.3h,嵌入式控制器,激光雷达 + 视觉+AIVI,3C/CE,官网/电商,https://www.ecovacs.com,0,0,0,420000,580000,520000,1520000,10%,311948,高端家庭,38%,52%,年报 + 估算
科沃斯机器人股份有限公司,科沃斯,ECOVACS,地宝系列,N10 PLUS,扫地机器人,2499,家庭地面清洁,2023-03,-,3.5,-,-,-,0.2h,嵌入式控制器,激光导航,3C/CE,官网/电商,https://www.ecovacs.com,0,0,0,580000,720000,380000,1680000,7%,94962,家庭用户,28%,42%,估算
科沃斯机器人股份有限公司,科沃斯,ECOVACS,窗宝系列,W2 PRO,擦窗机器人,2999,窗户清洁,2024-02,-,2.8,-,-,-,0.2h,嵌入式控制器,路径规划 + 红外,3C/CE,官网/电商,https://www.ecovacs.com,0,0,0,,,,,,,,,,
科沃斯机器人股份有限公司,科沃斯,ECOVACS,沁宝系列,AIRBOT Z2,空气净化机器人,3999,空气净化/移动监测,2024-06,-,3.2,-,-,-,0.25h,嵌入式控制器,激光雷达 + 空气质量传感器,3C/CE,官网/电商,https://www.ecovacs.com,0,0,0,,,,,,,,,,
石头科技有限公司,石头科技,Roborock,G 系列,G20,扫地机器人,4999,家庭地面清洁,2024-05,-,4.5,-,-,-,0.35h,嵌入式控制器,激光雷达 + 视觉 + 结构光,3C/CE/FCC,官网/电商,https://www.roborock.com,0,0,0,-,420000,680000,1100000,13%,339932,家庭用户,43%,52%,年报 + 估算
石头科技有限公司,石头科技,Roborock,G 系列,G10S Pure,扫地机器人,3699,家庭地面清洁,2023-11,-,4.0,-,-,-,0.3h,嵌入式控制器,激光雷达 + 视觉,3C/CE,官网/电商,https://www.roborock.com,0,0,0,520000,680000,580000,1780000,11%,214542,家庭用户,40%,50%,年报 + 估算
石头科技有限公司,石头科技,Roborock,Q 系列,Q Revo,扫地机器人,2999,家庭地面清洁,2024-01,-,3.8,-,-,-,0.25h,嵌入式控制器,激光雷达,3C/CE,官网/电商,https://www.roborock.com,0,0,0,-,380000,520000,900000,10%,155948,家庭用户,45%,48%,年报 + 估算
石头科技有限公司,石头科技,Roborock,S 系列,S8 Pro Ultra,扫地机器人,6999,家庭地面清洁,2024-03,-,4.8,-,-,-,0.4h,嵌入式控制器,激光雷达 + 视觉 + 结构光,3C/CE/FCC,官网/电商,https://www.roborock.com,0,0,0,-,180000,280000,460000,5%,195972,高端家庭,48%,55%,年报 + 估算
云鲸智能科技有限公司,云鲸,NARWAL,J 系列,J4,扫地机器人,3999,家庭地面清洁,2024-04,-,4.0,-,-,-,0.3h,嵌入式控制器,激光雷达 + 视觉,3C/CE,官网/电商,https://www.narwal.com,0,0,0,-,280000,420000,700000,8%,167958,家庭用户,26%,45%,企业发布
云鲸智能科技有限公司,云鲸,NARWAL,J 系列,J3,扫地机器人,3299,家庭地面清洁,2023-08,-,3.7,-,-,-,0.25h,嵌入式控制器,激光雷达,3C/CE,官网/电商,https://www.narwal.com,0,0,0,380000,480000,280000,1140000,5%,92372,家庭用户,22%,42%,估算
云鲸智能科技有限公司,云鲸,NARWAL,J 系列,J4 Lite,扫地机器人,2999,家庭地面清洁,2024-08,-,3.5,-,-,-,0.25h,嵌入式控制器,激光雷达,3C/CE,官网/电商,https://www.narwal.com,0,0,0,,,,,,,,,,
追觅科技（苏州）有限公司,追觅,Dreame,X 系列,X40 Ultra,扫地机器人,5999,家庭地面清洁,2024-06,-,4.6,-,-,-,0.35h,嵌入式控制器,激光雷达 + 视觉 + 结构光,3C/CE/FCC,官网/电商,https://www.dreame.tech,0,0,0,-,180000,320000,500000,6%,191968,高端家庭,44%,48%,企业发布
追觅科技（苏州）有限公司,追觅,Dreame,X 系列,X30 Ultra,扫地机器人,4699,家庭地面清洁,2024-02,-,4.2,-,-,-,0.3h,嵌入式控制器,激光雷达 + 视觉,3C/CE,官网/电商,https://www.dreame.tech,0,0,0,-,280000,420000,700000,8%,197358,家庭用户,42%,46%,企业发布
追觅科技（苏州）有限公司,追觅,Dreame,L 系列,L10s Ultra,扫地机器人,3999,家庭地面清洁,2023-10,-,3.9,-,-,-,0.25h,嵌入式控制器,激光雷达 + 视觉,3C/CE,官网/电商,https://www.dreame.tech,0,0,0,320000,480000,380000,1180000,7%,151962,家庭用户,40%,44%,估算
追觅科技（苏州）有限公司,追觅,Dreame,W 系列,W10,扫拖机器人,2799,家庭地面清洁,2023-06,-,3.6,-,-,-,0.2h,嵌入式控制器,激光导航,3C/CE,官网/电商,https://www.dreame.tech,0,0,0,,,,,,,,,,
追觅科技（苏州）有限公司,追觅,Dreame,H 系列,H12 Pro,洗地机,2499,家庭地面湿清洁,2023-09,-,5.2,-,-,-,0.15h,嵌入式控制器,污物检测 + 红外,3C/CE,官网/电商,https://www.dreame.tech,0,0,0,,,,,,,,,,
云鲸智能科技有限公司,云鲸,NARWAL,S 系列,S1,扫拖机器人,2299,家庭地面清洁,2023-04,-,3.2,-,-,-,0.2h,嵌入式控制器,激光导航,3C/CE,官网/电商,https://www.narwal.com,0,0,0,,,,,,,,,,
科沃斯机器人股份有限公司,科沃斯,ECOVACS,地宝系列,T30S OMNI,扫地机器人,4999,家庭地面清洁,2025-01,-,4.4,-,-,-,0.35h,嵌入式控制器,激光雷达 + 视觉,3C/CE,官网/电商,https://www.ecovacs.com,0,0,0,,,,,,,,,,
石头科技有限公司,石头科技,Roborock,P 系列,P10 Pro,扫地机器人,2799,家庭地面清洁,2024-04,-,3.6,-,-,-,0.25h,嵌入式控制器,激光雷达,3C/CE,官网/电商,https://www.roborock.com,0,0,0,,,,,,,,,,
追觅科技（苏州）有限公司,追觅,Dreame,B 系列,B1,吹风机机器人,1999,个人护理,2024-09,-,0.8,-,-,-,0.1h,嵌入式控制器,温度 + 风速,3C/CE,官网/电商,https://www.dreame.tech,0,0,0,,,,,,,,,,
